{"meals":[{"lunch":{"0":"doo","soup":5,"soupnote":"dook","rice":"","longcook":"","lcnote":"","protein":"","pnote":"","salad":32,"saladnote":"note for salad","vege":"","vnote":"","seaweed":"","note":""},"dessert":46,"dinner":{"soup":"","soupnote":"","rice":"","longcook":"","lcnote":"","protein":"","pnote":"","salad":"","saladnote":"","vege":"","vnote":"","seaweed":"","note":""}},{"lunch":{"soup":"","soupnote":"","rice":"","longcook":"","lcnote":"","protein":"","pnote":"","salad":"","saladnote":"","vege":"","vnote":"","seaweed":"","note":""},"dessert":49,"dinner":{"soup":"","soupnote":"","rice":"","longcook":"","lcnote":"","protein":"","pnote":"","salad":"","saladnote":"","vege":"","vnote":"","seaweed":"","note":""}},{"lunch":{"soup":"","soupnote":"","rice":"","longcook":"","lcnote":"","protein":"","pnote":"","salad":"","saladnote":"","vege":"","vnote":"","seaweed":"","note":""},"dessert":47,"dinner":{"soup":"","soupnote":"","rice":"","longcook":"","lcnote":"","protein":"","pnote":"","salad":"","saladnote":"","vege":"","vnote":"","seaweed":"","note":""}},{"lunch":{"soup":6,"soupnote":"","rice":"","longcook":"","lcnote":"","protein":"","pnote":"","salad":"","saladnote":"","vege":"","vnote":"","seaweed":"","note":""},"dessert":45,"dinner":{"soup":"","soupnote":"","rice":"","longcook":"","lcnote":"","protein":"","pnote":"","salad":"","saladnote":"","vege":"","vnote":"","seaweed":"","note":""}},{"lunch":{"soup":"","soupnote":"","rice":"","longcook":"","lcnote":"","protein":"","pnote":"","salad":"","saladnote":"","vege":"","vnote":"","seaweed":"","note":"sfdfs"},"dessert":44,"dinner":{"soup":"","soupnote":"","rice":"","longcook":"","lcnote":"","protein":"","pnote":"","salad":"","saladnote":"","vege":"","vnote":"","seaweed":"","note":""}},{"lunch":{"soup":"","soupnote":"","rice":"","longcook":"","lcnote":"","protein":"","pnote":"","salad":"","saladnote":"","vege":"","vnote":"","seaweed":"","note":""},"dessert":50,"dinner":{"soup":"","soupnote":"","rice":"","longcook":"","lcnote":"","protein":"","pnote":"","salad":"","saladnote":"","vege":"","vnote":"","seaweed":"","note":""}},{"lunch":{"soup":"","soupnote":"","rice":"","longcook":"","lcnote":"","protein":"","pnote":"","salad":"","saladnote":"","vege":"","vnote":"","seaweed":"","note":""},"dessert":"","dinner":{"soup":"","soupnote":"","rice":"","longcook":"","lcnote":"","protein":"","pnote":"","salad":"","saladnote":"","vege":"","vnote":"","seaweed":"","note":""}}]}